experimental_unit,hour,date,air_humidity,air_pressure,air_temperature,rainfall
1325,00,2025-10-11,88.0,,13.85,0.0
1325,00,2025-10-12,77.5,,14.5,0.0
1325,00,2025-10-13,75.5,,14.65,0.0
1325,00,2025-10-14,100.0,,13.35,0.0
1325,00,2025-10-15,88.0,,11.75,0.0
1325,00,2025-10-16,74.0,,11.9,0.0
1325,00,2025-10-17,72.0,,12.85,0.0
1325,00,2025-10-18,100.0,,11.55,0.0
1325,00,2025-10-19,100.0,,9.9,0.0
1325,00,2025-10-20,86.0,,10.9,0.0
1325,00,2025-10-21,60.5,,15.2,0.0
1325,00,2025-10-22,63.0,,15.85,0.0
1325,00,2025-10-23,68.0,,16.1,0.0
1325,01,2025-10-11,91.0,,13.2,0.0
1325,01,2025-10-12,79.5,,14.0,0.0
1325,01,2025-10-13,77.0,,14.5,0.0
1325,01,2025-10-14,100.0,,12.85,0.0
1325,01,2025-10-15,89.5,,11.5,0.0
1325,01,2025-10-16,75.5,,11.75,0.0
1325,01,2025-10-17,77.0,,12.5,0.4
1325,01,2025-10-18,96.5,,11.7,0.0
1325,01,2025-10-19,95.0,,9.75000000000002,0.0
1325,01,2025-10-20,82.5,,10.85,0.0
1325,01,2025-10-21,69.5,,14.0,0.0
1325,01,2025-10-22,61.5,,16.15,0.0
1325,02,2025-10-11,89.0,,13.05,0.0
1325,02,2025-10-12,81.5,,13.35,0.0
1325,02,2025-10-13,83.0,,13.65,0.0
1325,02,2025-10-14,100.0,,12.95,0.0
1325,02,2025-10-15,86.5,,12.1,0.0
1325,02,2025-10-16,80.5,,10.6,0.0
1325,02,2025-10-17,84.5,,11.85,0.0
1325,02,2025-10-18,91.5,,11.7,0.0
1325,02,2025-10-19,88.5,,9.85000000000002,0.0
1325,02,2025-10-20,75.0,,11.45,0.0
1325,02,2025-10-21,74.5,,13.35,0.0
1325,02,2025-10-22,60.5,,16.2,0.0
1325,03,2025-10-11,78.0,,13.35,0.0
1325,03,2025-10-12,80.5,,13.2,0.0
1325,03,2025-10-13,87.0,,12.85,0.0
1325,03,2025-10-14,100.0,,12.7,0.0
1325,03,2025-10-15,85.5,,12.05,0.0
1325,03,2025-10-16,80.0,,10.15,0.0
1325,03,2025-10-17,86.0,,11.8,0.0
1325,03,2025-10-18,89.0,,11.75,0.0
1325,03,2025-10-19,89.5,,9.70000000000004,0.0
1325,03,2025-10-20,68.5,,12.05,0.0
1325,03,2025-10-21,61.0,,14.8,0.0
1325,03,2025-10-22,63.0,,15.95,0.0
1325,04,2025-10-11,79.0,,12.95,0.0
1325,04,2025-10-12,77.0,,14.0,0.0
1325,04,2025-10-13,91.0,,12.15,0.0
1325,04,2025-10-14,100.0,,12.6,0.0
1325,04,2025-10-15,84.5,,12.2,0.0
1325,04,2025-10-16,81.0,,9.90000000000003,0.0
1325,04,2025-10-17,87.5,,11.75,0.2
1325,04,2025-10-18,88.0,,11.85,0.0
1325,04,2025-10-19,86.0,,10.15,0.0
1325,04,2025-10-20,61.0,,13.0,0.0
1325,04,2025-10-21,54.0,,15.45,0.0
1325,04,2025-10-22,61.5,,16.15,0.0
1325,05,2025-10-11,77.5,,13.15,0.0
1325,05,2025-10-12,80.0,,12.75,0.0
1325,05,2025-10-13,100.0,,12.15,0.0
1325,05,2025-10-14,93.0,,12.65,0.0
1325,05,2025-10-15,83.5,,12.15,0.0
1325,05,2025-10-16,81.5,,9.95000000000001,0.0
1325,05,2025-10-17,90.0,,11.65,0.0
1325,05,2025-10-18,89.0,,12.1,0.0
1325,05,2025-10-19,88.5,,9.85000000000002,0.0
1325,05,2025-10-20,68.5,,11.65,0.0
1325,05,2025-10-21,58.5,,14.8,0.0
1325,05,2025-10-22,64.5,,15.2,0.0
1325,06,2025-10-11,71.0,,14.75,0.0
1325,06,2025-10-12,73.5,,14.0,0.0
1325,06,2025-10-13,98.5,,12.55,0.0
1325,06,2025-10-14,84.5,,13.5,0.0
1325,06,2025-10-15,83.0,,12.9,0.0
1325,06,2025-10-16,75.5,,11.8,0.0
1325,06,2025-10-17,91.5,,11.45,0.2
1325,06,2025-10-18,99.5,,11.9,0.0
1325,06,2025-10-19,84.5,,11.15,0.0
1325,06,2025-10-20,68.5,,11.7,0.0
1325,06,2025-10-21,64.5,,13.95,0.0
1325,06,2025-10-22,61.0,,15.85,0.0
1325,07,2025-10-10,52.0,,18.25,0.0
1325,07,2025-10-11,54.0,,19.1,0.0
1325,07,2025-10-12,61.5,,17.25,0.0
1325,07,2025-10-13,80.5,,15.65,0.0
1325,07,2025-10-14,70.0,,17.05,0.0
1325,07,2025-10-15,68.0,,17.15,0.0
1325,07,2025-10-16,64.0,,15.65,0.0
1325,07,2025-10-17,90.0,,11.55,0.0
1325,07,2025-10-18,100.0,,12.55,0.0
1325,07,2025-10-19,71.0,,14.2,0.0
1325,07,2025-10-20,64.5,,13.3,0.0
1325,07,2025-10-21,63.5,,14.35,0.0
1325,07,2025-10-22,59.5,,16.45,0.0
1325,08,2025-10-10,52.5,,20.0,0.0
1325,08,2025-10-11,54.0,,19.8,0.0
1325,08,2025-10-12,59.5,,18.6,0.0
1325,08,2025-10-13,76.5,,16.7,0.0
1325,08,2025-10-14,60.5,,19.05,0.0
1325,08,2025-10-15,65.5,,17.85,0.0
1325,08,2025-10-16,60.5,,17.25,0.0
1325,08,2025-10-17,85.0,,12.3,0.0
1325,08,2025-10-18,90.5,,13.45,0.0
1325,08,2025-10-19,62.0,,16.9,0.0
1325,08,2025-10-20,60.0,,15.1,0.0
1325,08,2025-10-21,70.0,,14.0,0.0
1325,08,2025-10-22,59.0,,17.5,0.0
1325,09,2025-10-10,58.0,,21.3,0.0
1325,09,2025-10-11,53.5,,19.6,0.0
1325,09,2025-10-12,61.0,,19.3,0.0
1325,09,2025-10-13,73.0,,18.05,0.0
1325,09,2025-10-14,52.0,,19.7,0.0
1325,09,2025-10-15,73.5,,16.0,0.0
1325,09,2025-10-16,60.0,,17.9,0.0
1325,09,2025-10-17,85.0,,13.05,0.0
1325,09,2025-10-18,76.5,,14.9,0.0
1325,09,2025-10-19,63.0,,17.6,0.0
1325,09,2025-10-20,54.0,,16.85,0.0
1325,09,2025-10-21,67.5,,14.7,0.0
1325,09,2025-10-22,59.0,,17.75,0.0
1325,10,2025-10-10,55.5,,21.9,0.0
1325,10,2025-10-11,58.5,,19.65,0.0
1325,10,2025-10-12,62.5,,19.85,0.0
1325,10,2025-10-13,63.0,,19.45,0.0
1325,10,2025-10-14,47.5,,20.65,0.0
1325,10,2025-10-15,66.0,,17.35,0.0
1325,10,2025-10-16,56.5,,17.35,0.0
1325,10,2025-10-17,90.5,,13.2,0.6
1325,10,2025-10-18,65.5,,16.7,0.0
1325,10,2025-10-19,59.0,,18.5,0.0
1325,10,2025-10-20,48.0,,18.3,0.0
1325,10,2025-10-21,71.0,,14.85,0.0
1325,10,2025-10-22,58.0,,18.25,0.0
1325,11,2025-10-10,50.5,,21.95,0.0
1325,11,2025-10-11,55.5,,20.1,0.0
1325,11,2025-10-12,59.0,,19.65,0.0
1325,11,2025-10-13,63.0,,19.6,0.0
1325,11,2025-10-14,47.0,,20.6,0.0
1325,11,2025-10-15,65.0,,17.15,0.0
1325,11,2025-10-16,54.5,,17.65,0.0
1325,11,2025-10-17,100.0,,12.9,0.6
1325,11,2025-10-18,63.5,,17.35,0.0
1325,11,2025-10-19,51.0,,17.95,0.0
1325,11,2025-10-20,49.0,,19.35,0.0
1325,11,2025-10-21,67.0,,15.6,0.0
1325,11,2025-10-22,70.0,,17.3,0.6
1325,12,2025-10-10,46.5,,22.9,0.0
1325,12,2025-10-11,53.5,,20.1,0.0
1325,12,2025-10-12,55.5,,20.3,0.0
1325,12,2025-10-13,63.5,,19.0,0.0
1325,12,2025-10-14,47.5,,20.35,0.0
1325,12,2025-10-15,68.5,,16.95,0.0
1325,12,2025-10-16,55.0,,17.6,0.0
1325,12,2025-10-17,100.0,,13.0,0.2
1325,12,2025-10-18,64.0,,17.1,0.0
1325,12,2025-10-19,52.5,,17.75,0.0
1325,12,2025-10-20,44.0,,19.45,0.0
1325,12,2025-10-21,67.0,,16.0,0.2
1325,12,2025-10-22,73.5,,17.3,0.0
1325,13,2025-10-10,56.5,,21.5,0.0
1325,13,2025-10-11,51.0,,20.2,0.0
1325,13,2025-10-12,52.0,,21.45,0.0
1325,13,2025-10-13,64.5,,18.95,0.0
1325,13,2025-10-14,57.0,,19.05,0.0
1325,13,2025-10-15,63.5,,17.9,0.0
1325,13,2025-10-16,53.0,,17.95,0.0
1325,13,2025-10-17,100.0,,13.05,0.0
1325,13,2025-10-18,63.5,,16.95,0.0
1325,13,2025-10-19,45.5,,18.45,0.0
1325,13,2025-10-20,44.5,,19.5,0.0
1325,13,2025-10-21,78.0,,15.2,0.0
1325,13,2025-10-22,72.5,,17.9,0.0
1325,14,2025-10-10,55.5,,21.75,0.0
1325,14,2025-10-11,51.5,,20.3,0.0
1325,14,2025-10-12,63.0,,19.9,0.0
1325,14,2025-10-13,67.0,,18.5,0.0
1325,14,2025-10-14,63.0,,17.45,0.0
1325,14,2025-10-15,66.0,,16.6,0.0
1325,14,2025-10-16,48.5,,17.6,0.0
1325,14,2025-10-17,100.0,,12.6,0.2
1325,14,2025-10-18,62.5,,17.15,0.0
1325,14,2025-10-19,45.0,,18.6,0.0
1325,14,2025-10-20,58.5,,18.55,0.0
1325,14,2025-10-21,76.5,,15.3,0.0
1325,14,2025-10-22,69.0,,18.4,0.0
1325,15,2025-10-10,62.0,,20.55,0.0
1325,15,2025-10-11,54.5,,19.65,0.0
1325,15,2025-10-12,67.5,,18.8,0.0
1325,15,2025-10-13,70.5,,17.65,0.0
1325,15,2025-10-14,63.0,,17.1,0.0
1325,15,2025-10-15,66.0,,15.8,0.0
1325,15,2025-10-16,53.0,,16.6,0.0
1325,15,2025-10-17,100.0,,12.25,0.0
1325,15,2025-10-18,67.0,,16.1,0.0
1325,15,2025-10-19,65.0,,16.15,0.0
1325,15,2025-10-20,64.0,,17.7,0.0
1325,15,2025-10-21,74.5,,14.95,0.0
1325,15,2025-10-22,68.0,,18.05,0.0
1325,16,2025-10-10,70.5,,18.7,0.0
1325,16,2025-10-11,60.0,,18.1,0.0
1325,16,2025-10-12,70.5,,17.1,0.0
1325,16,2025-10-13,75.0,,17.0,0.0
1325,16,2025-10-14,66.5,,16.3,0.0
1325,16,2025-10-15,65.0,,15.0,0.0
1325,16,2025-10-16,62.0,,14.6,0.0
1325,16,2025-10-17,100.0,,11.95,0.2
1325,16,2025-10-18,75.0,,14.6,0.0
1325,16,2025-10-19,71.0,,14.85,0.0
1325,16,2025-10-20,68.5,,16.65,0.0
1325,16,2025-10-21,80.5,,14.3,0.0
1325,16,2025-10-22,65.5,,17.65,0.0
1325,17,2025-10-10,80.0,,16.55,0.0
1325,17,2025-10-11,65.0,,16.7,0.0
1325,17,2025-10-12,72.5,,15.7,0.0
1325,17,2025-10-13,80.5,,16.2,0.0
1325,17,2025-10-14,72.5,,15.2,0.0
1325,17,2025-10-15,67.0,,14.05,0.0
1325,17,2025-10-16,67.0,,13.9,0.0
1325,17,2025-10-17,100.0,,11.8,0.0
1325,17,2025-10-18,83.0,,12.45,0.0
1325,17,2025-10-19,77.0,,14.1,0.0
1325,17,2025-10-20,68.0,,16.05,0.0
1325,17,2025-10-21,79.5,,13.95,0.0
1325,17,2025-10-22,64.0,,17.45,0.0
1325,18,2025-10-10,86.0,,15.6,0.0
1325,18,2025-10-11,68.0,,16.1,0.0
1325,18,2025-10-12,73.0,,15.05,0.0
1325,18,2025-10-13,84.5,,15.6,0.0
1325,18,2025-10-14,75.5,,14.75,0.0
1325,18,2025-10-15,67.0,,13.75,0.0
1325,18,2025-10-16,67.5,,13.6,0.0
1325,18,2025-10-17,100.0,,11.75,0.0
1325,18,2025-10-18,86.0,,11.75,0.0
1325,18,2025-10-19,81.0,,13.5,0.0
1325,18,2025-10-20,63.0,,16.0,0.0
1325,18,2025-10-21,81.0,,13.8,0.0
1325,18,2025-10-22,63.0,,17.2,0.0
1325,19,2025-10-10,92.5,,14.4,0.0
1325,19,2025-10-11,70.0,,15.6,0.0
1325,19,2025-10-12,73.5,,14.7,0.0
1325,19,2025-10-13,86.0,,15.35,0.0
1325,19,2025-10-14,76.0,,14.6,0.0
1325,19,2025-10-15,73.0,,12.45,0.0
1325,19,2025-10-16,66.0,,13.45,0.0
1325,19,2025-10-17,100.0,,11.8,0.0
1325,19,2025-10-18,93.0,,11.15,0.0
1325,19,2025-10-19,84.5,,13.05,0.0
1325,19,2025-10-20,67.0,,15.45,0.0
1325,19,2025-10-21,78.0,,13.85,0.0
1325,19,2025-10-22,62.5,,16.95,0.0
1325,20,2025-10-10,100.0,,14.3,0.0
1325,20,2025-10-11,73.5,,15.0,0.0
1325,20,2025-10-12,70.0,,14.7,0.0
1325,20,2025-10-13,85.0,,15.55,0.0
1325,20,2025-10-14,77.5,,14.25,0.0
1325,20,2025-10-15,69.5,,12.5,0.0
1325,20,2025-10-16,65.5,,13.55,0.0
1325,20,2025-10-17,100.0,,11.85,0.0
1325,20,2025-10-18,98.0,,11.15,0.0
1325,20,2025-10-19,86.0,,12.6,0.0
1325,20,2025-10-20,78.5,,14.65,0.0
1325,20,2025-10-21,78.5,,13.75,0.0
1325,20,2025-10-22,63.5,,16.85,0.0
1325,21,2025-10-10,100.0,,14.2,0.0
1325,21,2025-10-11,75.5,,14.7,0.0
1325,21,2025-10-12,70.0,,14.85,0.0
1325,21,2025-10-13,85.5,,15.15,0.0
1325,21,2025-10-14,79.5,,14.25,0.0
1325,21,2025-10-15,72.0,,12.0,0.0
1325,21,2025-10-16,66.5,,13.7,0.0
1325,21,2025-10-17,100.0,,11.6,0.0
1325,21,2025-10-18,96.5,,10.9,0.0
1325,21,2025-10-19,89.5,,11.75,0.0
1325,21,2025-10-20,82.0,,14.25,0.0
1325,21,2025-10-21,79.0,,14.0,0.0
1325,21,2025-10-22,64.5,,17.15,0.2
1325,22,2025-10-10,100.0,,13.8,0.0
1325,22,2025-10-11,77.0,,14.65,0.0
1325,22,2025-10-12,70.0,,15.0,0.0
1325,22,2025-10-13,87.0,,14.65,0.0
1325,22,2025-10-14,80.0,,14.1,0.0
1325,22,2025-10-15,74.0,,11.55,0.0
1325,22,2025-10-16,72.5,,12.9,0.0
1325,22,2025-10-17,100.0,,11.4,0.2
1325,22,2025-10-18,100.0,,10.55,0.0
1325,22,2025-10-19,90.0,,11.4,0.0
1325,22,2025-10-20,80.5,,14.3,0.0
1325,22,2025-10-21,65.0,,15.9,0.0
1325,22,2025-10-22,67.5,,16.6,0.0
1325,23,2025-10-10,92.0,,14.05,0.0
1325,23,2025-10-11,73.0,,15.3,0.0
1325,23,2025-10-12,71.5,,14.9,0.0
1325,23,2025-10-13,98.5,,13.5,0.0
1325,23,2025-10-14,80.0,,13.75,0.0
1325,23,2025-10-15,76.0,,11.3,0.0
1325,23,2025-10-16,73.0,,12.75,0.0
1325,23,2025-10-17,100.0,,11.45,0.0
1325,23,2025-10-18,100.0,,10.25,0.0
1325,23,2025-10-19,87.0,,11.45,0.0
1325,23,2025-10-20,77.5,,14.1,0.0
1325,23,2025-10-21,62.0,,16.15,0.0
1325,23,2025-10-22,65.0,,16.8,0.0
2147,00,2025-10-11,88.75,,11.8125,0.0
2147,00,2025-10-12,91.5,,11.79,0.0
2147,00,2025-10-13,88.5,,13.205,0.0
2147,00,2025-10-14,88.75,,13.21,0.0
2147,00,2025-10-15,79.0,,14.975,0.0
2147,00,2025-10-16,86.25,,9.03750000000003,0.0
2147,00,2025-10-17,79.75,,9.89500000000002,0.0
2147,00,2025-10-18,76.25,,8.87250000000003,0.0
2147,00,2025-10-19,83.5,,7.37000000000003,0.0
2147,00,2025-10-20,79.5,,9.41500000000002,0.0
2147,00,2025-10-21,93.5,,12.5825,1.0
2147,00,2025-10-22,98.0,,10.0675,0.2
2147,00,2025-10-23,97.0,,14.1075,0.0
2147,01,2025-10-11,89.5,,11.22,0.0
2147,01,2025-10-12,93.5,,11.445,0.0
2147,01,2025-10-13,89.75,,12.41,0.0
2147,01,2025-10-14,89.75,,12.22,0.0
2147,01,2025-10-15,80.0,,14.215,0.0
2147,01,2025-10-16,88.25,,8.55500000000003,0.0
2147,01,2025-10-17,82.75,,9.15250000000003,0.0
2147,01,2025-10-18,78.0,,7.99000000000002,0.0
2147,01,2025-10-19,80.25,,6.70000000000003,0.0
2147,01,2025-10-20,80.75,,9.76500000000002,0.0
2147,01,2025-10-21,94.5,,12.395,0.8
2147,01,2025-10-22,98.0,,10.2925,0.0
2147,02,2025-10-11,92.5,,11.0425,0.0
2147,02,2025-10-12,94.25,,11.7825,0.0
2147,02,2025-10-13,91.0,,12.0725,0.0
2147,02,2025-10-14,90.75,,11.4925,0.0
2147,02,2025-10-15,83.0,,12.89,0.0
2147,02,2025-10-16,83.75,,8.32750000000002,0.0
2147,02,2025-10-17,84.25,,8.15250000000004,0.0
2147,02,2025-10-18,81.75,,6.95750000000001,0.0
2147,02,2025-10-19,84.25,,5.90500000000001,0.0
2147,02,2025-10-20,80.5,,10.035,0.0
2147,02,2025-10-21,95.25,,12.3,0.2
2147,02,2025-10-22,99.0,,10.785,0.0
2147,03,2025-10-11,92.5,,10.55,0.0
2147,03,2025-10-12,94.5,,10.93,0.0
2147,03,2025-10-13,91.75,,11.395,0.0
2147,03,2025-10-14,91.25,,11.2125,0.0
2147,03,2025-10-15,87.0,,11.87,0.0
2147,03,2025-10-16,88.5,,7.77750000000001,0.0
2147,03,2025-10-17,86.5,,7.84750000000002,0.0
2147,03,2025-10-18,84.75,,6.66250000000002,0.0
2147,03,2025-10-19,82.75,,5.16000000000002,0.0
2147,03,2025-10-20,81.0,,10.3175,0.0
2147,03,2025-10-21,96.0,,12.325,0.0
2147,03,2025-10-22,99.0,,11.045,0.0
2147,04,2025-10-11,92.5,,9.79000000000002,0.0
2147,04,2025-10-12,96.0,,11.0775,0.0
2147,04,2025-10-13,93.0,,10.8275,0.0
2147,04,2025-10-14,88.0,,11.765,0.0
2147,04,2025-10-15,88.75,,10.9925,0.0
2147,04,2025-10-16,89.75,,7.47000000000001,0.0
2147,04,2025-10-17,87.25,,6.93750000000001,0.0
2147,04,2025-10-18,83.75,,6.27000000000002,0.0
2147,04,2025-10-19,88.5,,5.17000000000001,0.0
2147,04,2025-10-20,83.5,,10.5425,0.0
2147,04,2025-10-21,96.0,,12.3575,1.0
2147,04,2025-10-22,99.0,,11.2125,0.0
2147,05,2025-10-11,92.75,,9.54000000000002,0.0
2147,05,2025-10-12,97.0,,11.8925,0.0
2147,05,2025-10-13,93.0,,11.6875,0.0
2147,05,2025-10-14,89.75,,10.7575,0.0
2147,05,2025-10-15,89.75,,10.2925,0.0
2147,05,2025-10-16,91.5,,7.29500000000003,0.0
2147,05,2025-10-17,86.5,,8.51250000000003,0.0
2147,05,2025-10-18,85.25,,6.14500000000002,0.0
2147,05,2025-10-19,82.5,,4.5725,0.0
2147,05,2025-10-20,86.0,,10.76,0.0
2147,05,2025-10-21,96.25,,12.29,1.4
2147,05,2025-10-22,99.0,,11.3775,0.0
2147,06,2025-10-11,94.0,,10.3675,0.0
2147,06,2025-10-12,97.0,,12.335,0.0
2147,06,2025-10-13,92.5,,12.0375,0.0
2147,06,2025-10-14,90.75,,10.64,0.0
2147,06,2025-10-15,91.75,,10.215,0.0
2147,06,2025-10-16,89.5,,8.19250000000001,0.0
2147,06,2025-10-17,85.25,,9.27500000000002,0.0
2147,06,2025-10-18,84.25,,6.53500000000002,0.0
2147,06,2025-10-19,85.5,,5.16250000000002,0.0
2147,06,2025-10-20,87.25,,10.945,0.0
2147,06,2025-10-21,97.0,,12.2975,1.4
2147,06,2025-10-22,99.0,,11.685,0.0
2147,07,2025-10-10,92.25,,12.9625,0.0
2147,07,2025-10-11,90.75,,12.995,0.0
2147,07,2025-10-12,97.25,,12.8725,0.0
2147,07,2025-10-13,91.25,,14.0475,0.0
2147,07,2025-10-14,86.75,,13.4325,0.0
2147,07,2025-10-15,90.5,,12.88,0.0
2147,07,2025-10-16,83.75,,11.3825,0.0
2147,07,2025-10-17,80.0,,11.4925,0.0
2147,07,2025-10-18,77.25,,9.79750000000002,0.0
2147,07,2025-10-19,82.5,,9.14000000000002,0.0
2147,07,2025-10-20,90.75,,11.455,0.0
2147,07,2025-10-21,97.0,,12.4675,1.0
2147,07,2025-10-22,99.0,,12.31,0.0
2147,08,2025-10-10,85.75,,15.12,0.0
2147,08,2025-10-11,83.75,,15.5625,0.0
2147,08,2025-10-12,98.0,,13.8025,0.0
2147,08,2025-10-13,86.25,,16.2375,0.0
2147,08,2025-10-14,79.25,,15.8075,0.0
2147,08,2025-10-15,84.5,,14.98,0.0
2147,08,2025-10-16,72.75,,14.3075,0.0
2147,08,2025-10-17,67.75,,14.34,0.0
2147,08,2025-10-18,70.25,,12.555,0.0
2147,08,2025-10-19,74.75,,11.975,0.0
2147,08,2025-10-20,86.0,,12.9525,0.0
2147,08,2025-10-21,97.0,,12.745,0.8
2147,08,2025-10-22,99.0,,13.1175,0.0
2147,09,2025-10-10,79.0,,17.75,0.0
2147,09,2025-10-11,77.25,,17.555,0.0
2147,09,2025-10-12,95.0,,15.6,0.0
2147,09,2025-10-13,80.75,,17.4625,0.0
2147,09,2025-10-14,74.75,,17.4475,0.0
2147,09,2025-10-15,76.25,,17.445,0.0
2147,09,2025-10-16,65.25,,16.1875,0.0
2147,09,2025-10-17,57.75,,16.5875,0.0
2147,09,2025-10-18,61.25,,15.475,0.0
2147,09,2025-10-19,70.0,,13.2875,0.0
2147,09,2025-10-20,81.5,,14.655,0.0
2147,09,2025-10-21,97.0,,13.085,0.0
2147,09,2025-10-22,99.0,,13.5975,0.0
2147,10,2025-10-10,70.0,,20.0,0.0
2147,10,2025-10-11,70.5,,20.1125,0.0
2147,10,2025-10-12,85.5,,17.3625,0.0
2147,10,2025-10-13,78.0,,18.195,0.0
2147,10,2025-10-14,71.75,,18.8775,0.0
2147,10,2025-10-15,71.0,,18.715,0.0
2147,10,2025-10-16,61.75,,17.985,0.0
2147,10,2025-10-17,52.25,,17.575,0.0
2147,10,2025-10-18,54.0,,17.44,0.0
2147,10,2025-10-19,64.75,,14.895,0.0
2147,10,2025-10-20,77.25,,15.865,0.0
2147,10,2025-10-21,97.0,,13.3875,0.0
2147,10,2025-10-22,99.0,,13.9875,0.0
2147,11,2025-10-10,61.0,,21.515,0.0
2147,11,2025-10-11,65.5,,21.47,0.0
2147,11,2025-10-12,78.0,,19.4975,0.0
2147,11,2025-10-13,71.25,,19.6875,0.0
2147,11,2025-10-14,67.0,,20.08,0.0
2147,11,2025-10-15,64.75,,19.645,0.0
2147,11,2025-10-16,58.25,,19.575,0.0
2147,11,2025-10-17,49.25,,18.47,0.0
2147,11,2025-10-18,48.25,,18.91,0.0
2147,11,2025-10-19,59.0,,16.495,0.0
2147,11,2025-10-20,73.5,,16.4675,0.0
2147,11,2025-10-21,96.0,,13.655,0.0
2147,11,2025-10-22,97.25,,14.725,0.0
2147,12,2025-10-10,58.25,,22.3225,0.0
2147,12,2025-10-11,61.75,,22.49,0.0
2147,12,2025-10-12,74.0,,20.2325,0.0
2147,12,2025-10-13,64.0,,20.975,0.0
2147,12,2025-10-14,65.25,,20.07,0.0
2147,12,2025-10-15,59.75,,20.555,0.0
2147,12,2025-10-16,54.25,,20.13,0.0
2147,12,2025-10-17,46.0,,19.255,0.0
2147,12,2025-10-18,46.25,,19.38,0.0
2147,12,2025-10-19,54.0,,17.6125,0.0
2147,12,2025-10-20,74.25,,16.255,0.0
2147,12,2025-10-21,95.25,,14.255,0.0
2147,12,2025-10-22,91.0,,15.1,0.0
2147,13,2025-10-10,56.5,,22.7875,0.0
2147,13,2025-10-11,59.25,,22.96,0.0
2147,13,2025-10-12,70.5,,20.71,0.0
2147,13,2025-10-13,61.75,,21.46,0.0
2147,13,2025-10-14,59.5,,20.925,0.0
2147,13,2025-10-15,56.75,,20.795,0.0
2147,13,2025-10-16,51.25,,20.435,0.0
2147,13,2025-10-17,45.0,,19.5925,0.0
2147,13,2025-10-18,43.75,,19.975,0.0
2147,13,2025-10-19,49.0,,18.3575,0.0
2147,13,2025-10-20,79.0,,15.615,0.0
2147,13,2025-10-21,92.5,,14.5775,0.0
2147,13,2025-10-22,90.25,,15.0325,0.0
2147,14,2025-10-10,53.5,,23.19,0.0
2147,14,2025-10-11,58.0,,23.0525,0.0
2147,14,2025-10-12,68.75,,20.905,0.0
2147,14,2025-10-13,61.5,,21.55,0.0
2147,14,2025-10-14,62.0,,20.3275,0.0
2147,14,2025-10-15,52.0,,21.11,0.0
2147,14,2025-10-16,49.25,,20.4425,0.0
2147,14,2025-10-17,41.5,,19.965,0.0
2147,14,2025-10-18,43.5,,19.8,0.0
2147,14,2025-10-19,48.5,,18.12,0.0
2147,14,2025-10-20,81.75,,15.0425,0.0
2147,14,2025-10-21,94.0,,14.3725,0.0
2147,14,2025-10-22,90.25,,15.0825,0.0
2147,15,2025-10-10,54.75,,22.95,0.0
2147,15,2025-10-11,58.75,,22.8975,0.0
2147,15,2025-10-12,67.75,,20.9325,0.0
2147,15,2025-10-13,59.75,,21.3475,0.0
2147,15,2025-10-14,61.5,,20.305,0.0
2147,15,2025-10-15,51.75,,20.85,0.0
2147,15,2025-10-16,50.75,,19.62,0.0
2147,15,2025-10-17,40.5,,19.595,0.0
2147,15,2025-10-18,43.75,,19.4525,0.0
2147,15,2025-10-19,51.0,,17.7575,0.0
2147,15,2025-10-20,84.25,,14.4925,0.0
2147,15,2025-10-21,95.0,,14.1775,0.0
2147,15,2025-10-22,90.5,,15.1025,0.0
2147,16,2025-10-10,59.25,,21.93,0.0
2147,16,2025-10-11,61.5,,21.935,0.0
2147,16,2025-10-12,69.5,,20.2775,0.0
2147,16,2025-10-13,66.0,,20.405,0.0
2147,16,2025-10-14,62.25,,19.7725,0.0
2147,16,2025-10-15,55.5,,19.5575,0.0
2147,16,2025-10-16,55.0,,18.445,0.0
2147,16,2025-10-17,45.0,,18.375,0.0
2147,16,2025-10-18,47.75,,18.3,0.0
2147,16,2025-10-19,54.0,,16.31,0.0
2147,16,2025-10-20,87.75,,13.98,0.0
2147,16,2025-10-21,95.0,,14.0825,0.0
2147,16,2025-10-22,92.5,,14.96,0.0
2147,17,2025-10-10,68.0,,19.2,0.0
2147,17,2025-10-11,67.25,,19.675,0.0
2147,17,2025-10-12,75.25,,18.275,0.0
2147,17,2025-10-13,71.0,,18.49,0.0
2147,17,2025-10-14,67.75,,17.3575,0.0
2147,17,2025-10-15,61.25,,17.4725,0.0
2147,17,2025-10-16,59.0,,16.52,0.0
2147,17,2025-10-17,52.75,,15.2825,0.0
2147,17,2025-10-18,53.0,,15.525,0.0
2147,17,2025-10-19,60.0,,14.625,0.0
2147,17,2025-10-20,89.0,,13.7,0.0
2147,17,2025-10-21,95.0,,13.92,0.0
2147,17,2025-10-22,93.75,,14.6975,0.0
2147,18,2025-10-10,74.25,,17.245,0.0
2147,18,2025-10-11,73.25,,17.65,0.0
2147,18,2025-10-12,79.25,,16.8675,0.0
2147,18,2025-10-13,76.25,,16.8375,0.0
2147,18,2025-10-14,73.25,,15.8075,0.0
2147,18,2025-10-15,64.0,,15.865,0.0
2147,18,2025-10-16,62.75,,15.1725,0.0
2147,18,2025-10-17,60.0,,13.2875,0.0
2147,18,2025-10-18,60.75,,13.6575,0.0
2147,18,2025-10-19,61.0,,13.7125,0.0
2147,18,2025-10-20,90.0,,13.5175,0.0
2147,18,2025-10-21,96.0,,13.27,0.0
2147,18,2025-10-22,94.75,,14.5425,0.0
2147,19,2025-10-10,76.75,,16.0725,0.0
2147,19,2025-10-11,77.75,,16.005,0.0
2147,19,2025-10-12,80.75,,15.835,0.0
2147,19,2025-10-13,79.25,,15.945,0.0
2147,19,2025-10-14,72.75,,15.9225,0.0
2147,19,2025-10-15,66.5,,14.465,0.0
2147,19,2025-10-16,66.0,,13.785,0.0
2147,19,2025-10-17,65.0,,11.655,0.0
2147,19,2025-10-18,64.0,,12.0625,0.0
2147,19,2025-10-19,66.5,,12.685,0.0
2147,19,2025-10-20,90.75,,13.3225,0.0
2147,19,2025-10-21,96.0,,12.315,0.0
2147,19,2025-10-22,95.25,,14.5075,0.0
2147,20,2025-10-10,80.5,,14.8425,0.0
2147,20,2025-10-11,83.25,,14.795,0.0
2147,20,2025-10-12,82.0,,16.1225,0.0
2147,20,2025-10-13,81.0,,15.25,0.0
2147,20,2025-10-14,73.75,,16.465,0.0
2147,20,2025-10-15,72.5,,12.88,0.0
2147,20,2025-10-16,71.75,,11.89,0.0
2147,20,2025-10-17,72.5,,10.2,0.0
2147,20,2025-10-18,69.5,,10.8475,0.0
2147,20,2025-10-19,71.25,,11.63,0.0
2147,20,2025-10-20,91.0,,13.1975,0.0
2147,20,2025-10-21,97.0,,12.055,0.0
2147,20,2025-10-22,96.0,,14.4675,0.0
2147,21,2025-10-10,82.5,,13.7875,0.0
2147,21,2025-10-11,86.0,,14.04,0.0
2147,21,2025-10-12,82.25,,15.52,0.0
2147,21,2025-10-13,82.75,,14.8575,0.0
2147,21,2025-10-14,75.5,,16.5725,0.0
2147,21,2025-10-15,76.0,,11.5925,0.0
2147,21,2025-10-16,75.25,,10.54,0.0
2147,21,2025-10-17,73.25,,9.77750000000003,0.0
2147,21,2025-10-18,75.0,,9.65000000000003,0.0
2147,21,2025-10-19,74.5,,10.8825,0.0
2147,21,2025-10-20,91.75,,13.1,0.2
2147,21,2025-10-21,97.0,,11.925,0.0
2147,21,2025-10-22,96.25,,14.39,0.0
2147,22,2025-10-10,85.25,,13.1125,0.0
2147,22,2025-10-11,87.75,,13.59,0.0
2147,22,2025-10-12,85.0,,14.72,0.0
2147,22,2025-10-13,83.0,,14.8875,0.0
2147,22,2025-10-14,76.0,,16.4575,0.0
2147,22,2025-10-15,78.0,,11.0475,0.0
2147,22,2025-10-16,78.25,,10.4875,0.0
2147,22,2025-10-17,74.0,,9.39250000000002,0.0
2147,22,2025-10-18,78.0,,8.16250000000002,0.0
2147,22,2025-10-19,77.25,,9.85250000000002,0.0
2147,22,2025-10-20,93.0,,12.855,0.0
2147,22,2025-10-21,97.5,,11.1475,0.0
2147,22,2025-10-22,97.0,,14.2775,0.0
2147,23,2025-10-10,87.5,,12.47,0.0
2147,23,2025-10-11,86.25,,12.5075,0.0
2147,23,2025-10-12,85.75,,14.46,0.0
2147,23,2025-10-13,85.5,,14.165,0.0
2147,23,2025-10-14,78.75,,15.6125,0.0
2147,23,2025-10-15,83.0,,10.2675,0.0
2147,23,2025-10-16,76.75,,10.5375,0.0
2147,23,2025-10-17,76.0,,8.44000000000002,0.0
2147,23,2025-10-18,81.5,,7.52000000000002,0.0
2147,23,2025-10-19,82.25,,9.22500000000002,0.0
2147,23,2025-10-20,93.0,,12.715,0.0
2147,23,2025-10-21,97.75,,10.2975,0.0
2147,23,2025-10-22,97.0,,14.18,0.0
2262,00,2025-10-11,94.75,1026.825,11.825,0.0
2262,00,2025-10-12,98.5,1026.275,11.225,0.0
2262,00,2025-10-13,98.0,1021.3,11.525,0.0
2262,00,2025-10-14,98.0,1020.875,11.225,0.0
2262,00,2025-10-15,96.5,1020.2,9.97500000000002,0.0
2262,00,2025-10-16,91.0,1020.35,8.15000000000002,0.0
2262,00,2025-10-17,90.0,1018.975,7.75000000000002,0.0
2262,00,2025-10-18,78.5,1019.975,8.35000000000002,0.0
2262,00,2025-10-19,88.5,1022.875,6.37500000000002,0.0
2262,00,2025-10-20,90.75,1016.325,8.30000000000001,0.0
2262,00,2025-10-21,95.0,1007.6,13.65,1.79999999999999
2262,00,2025-10-22,98.25,1007.125,11.55,0.0
2262,00,2025-10-23,98.0,1006.775,14.075,0.0
2262,01,2025-10-11,96.0,1026.825,11.05,0.0
2262,01,2025-10-12,99.0,1026.1,11.45,0.0
2262,01,2025-10-13,98.25,1021.025,10.8,0.0
2262,01,2025-10-14,97.75,1020.625,10.425,0.0
2262,01,2025-10-15,98.0,1020.07499999999,9.75000000000002,0.0
2262,01,2025-10-16,90.5,1020.05,7.975,0.0
2262,01,2025-10-17,89.0,1018.575,7.60000000000002,0.0
2262,01,2025-10-18,80.75,1019.875,7.90000000000002,0.0
2262,01,2025-10-19,92.5,1022.65,6.12500000000001,0.0
2262,01,2025-10-20,89.0,1015.5,9.32500000000003,0.0
2262,01,2025-10-21,96.75,1007.19999999999,13.425,1.6
2262,01,2025-10-22,97.0,1006.95,12.2,0.0
2262,02,2025-10-11,97.25,1026.825,10.475,0.0
2262,02,2025-10-12,99.0,1025.925,11.525,0.0
2262,02,2025-10-13,98.5,1020.75,10.4,0.0
2262,02,2025-10-14,99.0,1020.34999999999,9.80000000000002,0.0
2262,02,2025-10-15,97.5,1020.05,9.05000000000001,0.0
2262,02,2025-10-16,90.75,1019.625,7.50000000000001,0.0
2262,02,2025-10-17,89.75,1018.175,7.40000000000003,0.0
2262,02,2025-10-18,81.75,1019.975,7.57500000000001,0.0
2262,02,2025-10-19,90.25,1022.425,6.07500000000001,0.0
2262,02,2025-10-20,88.25,1014.575,9.975,0.0
2262,02,2025-10-21,97.25,1006.47499999999,13.4,0.8
2262,02,2025-10-22,97.75,1006.475,11.725,0.0
2262,03,2025-10-11,97.5,1027.07499999999,10.125,0.0
2262,03,2025-10-12,99.75,1025.8,11.825,0.0
2262,03,2025-10-13,96.5,1020.6,10.7,0.0
2262,03,2025-10-14,99.0,1020.35,9.75000000000002,0.0
2262,03,2025-10-15,98.75,1020.07499999999,8.37500000000001,0.0
2262,03,2025-10-16,91.25,1019.5,7.35,0.0
2262,03,2025-10-17,90.0,1018.05,7.15000000000002,0.0
2262,03,2025-10-18,83.0,1020.15,7.10000000000002,0.0
2262,03,2025-10-19,90.75,1022.275,5.50000000000004,0.0
2262,03,2025-10-20,86.5,1014.3,10.2,0.0
2262,03,2025-10-21,97.0,1006.175,13.5,0.2
2262,03,2025-10-22,98.0,1006.4,11.225,0.0
2262,04,2025-10-11,97.25,1027.225,10.1,0.0
2262,04,2025-10-12,99.5,1025.7,12.225,0.0
2262,04,2025-10-13,97.75,1020.525,10.55,0.0
2262,04,2025-10-14,99.0,1020.4,8.32500000000001,0.0
2262,04,2025-10-15,99.0,1020.075,8.30000000000002,0.0
2262,04,2025-10-16,89.5,1019.34999999999,8.02500000000002,0.0
2262,04,2025-10-17,90.75,1017.925,6.30000000000002,0.0
2262,04,2025-10-18,84.75,1020.375,6.30000000000001,0.0
2262,04,2025-10-19,92.0,1022.075,5.15000000000003,0.0
2262,04,2025-10-20,85.75,1014.09999999999,10.1,0.0
2262,04,2025-10-21,97.5,1006.075,13.475,0.2
2262,04,2025-10-22,98.0,1006.1,10.95,0.0
2262,05,2025-10-11,98.0,1027.475,9.67500000000001,0.0
2262,05,2025-10-12,99.75,1025.525,12.2,0.0
2262,05,2025-10-13,97.5,1020.75,11.55,0.0
2262,05,2025-10-14,99.0,1020.425,7.85000000000002,0.2
2262,05,2025-10-15,99.0,1020.325,7.97500000000002,0.0
2262,05,2025-10-16,90.0,1019.425,7.95000000000001,0.0
2262,05,2025-10-17,91.0,1018.075,6.47500000000002,0.0
2262,05,2025-10-18,86.25,1020.725,5.97500000000002,0.0
2262,05,2025-10-19,92.5,1021.95,4.85000000000003,0.0
2262,05,2025-10-20,84.75,1013.75,10.225,0.0
2262,05,2025-10-21,98.0,1005.65,13.4,0.6
2262,05,2025-10-22,98.25,1006.0,10.125,0.0
2262,06,2025-10-11,97.5,1027.75,10.1,0.0
2262,06,2025-10-12,100.0,1025.725,12.775,0.2
2262,06,2025-10-13,95.75,1020.975,12.2,0.0
2262,06,2025-10-14,98.75,1020.82499999999,8.80000000000002,0.0
2262,06,2025-10-15,99.0,1020.55,8.35000000000002,0.0
2262,06,2025-10-16,89.0,1019.74999999999,8.30000000000001,0.0
2262,06,2025-10-17,90.75,1018.45,6.82500000000001,0.0
2262,06,2025-10-18,84.25,1021.275,6.75000000000001,0.0
2262,06,2025-10-19,90.75,1022.25,4.97500000000002,0.0
2262,06,2025-10-20,83.75,1013.825,10.6,0.0
2262,06,2025-10-21,98.0,1005.9,13.4,0.2
2262,06,2025-10-22,98.25,1006.34999999999,10.5,0.0
2262,07,2025-10-10,88.5,1026.14999999999,13.15,0.0
2262,07,2025-10-11,88.0,1028.125,13.15,0.2
2262,07,2025-10-12,100.0,1025.8,13.425,0.0
2262,07,2025-10-13,93.75,1021.275,14.025,0.0
2262,07,2025-10-14,96.75,1021.025,11.55,0.0
2262,07,2025-10-15,99.0,1020.875,10.75,0.0
2262,07,2025-10-16,83.25,1020.07499999999,11.05,0.0
2262,07,2025-10-17,83.25,1018.8,10.2,0.0
2262,07,2025-10-18,76.0,1021.75,10.175,0.0
2262,07,2025-10-19,82.0,1022.3,8.15000000000003,0.0
2262,07,2025-10-20,81.25,1014.0,11.275,0.0
2262,07,2025-10-21,98.0,1006.225,13.525,0.8
2262,07,2025-10-22,97.25,1006.65,11.95,0.0
2262,08,2025-10-10,81.25,1026.57499999999,15.825,0.0
2262,08,2025-10-11,76.75,1028.425,16.275,0.0
2262,08,2025-10-12,99.75,1025.95,14.2,0.0
2262,08,2025-10-13,87.25,1021.34999999999,15.55,0.0
2262,08,2025-10-14,87.0,1021.175,14.9,0.0
2262,08,2025-10-15,98.0,1021.025,13.4,0.0
2262,08,2025-10-16,76.75,1020.175,13.55,0.0
2262,08,2025-10-17,68.5,1019.07499999999,13.25,0.0
2262,08,2025-10-18,66.5,1022.075,13.125,0.0
2262,08,2025-10-19,70.75,1022.22499999999,11.95,0.0
2262,08,2025-10-20,81.75,1013.925,12.45,0.0
2262,08,2025-10-21,97.0,1006.4,13.625,0.8
2262,08,2025-10-22,95.75,1006.82499999999,12.925,0.0
2262,09,2025-10-10,74.75,1026.9,18.15,0.0
2262,09,2025-10-11,72.25,1028.375,18.075,0.0
2262,09,2025-10-12,96.75,1025.6,15.675,0.0
2262,09,2025-10-13,81.25,1021.425,17.475,0.0
2262,09,2025-10-14,78.25,1021.3,17.375,0.0
2262,09,2025-10-15,78.75,1021.075,17.475,0.0
2262,09,2025-10-16,68.75,1020.075,16.05,0.0
2262,09,2025-10-17,60.25,1019.0,15.2,0.0
2262,09,2025-10-18,58.5,1022.1,15.25,0.0
2262,09,2025-10-19,63.0,1021.925,14.4,0.0
2262,09,2025-10-20,78.0,1013.2,14.7,0.0
2262,09,2025-10-21,94.75,1006.625,13.9,0.2
2262,09,2025-10-22,91.25,1006.95,14.075,0.0
2262,10,2025-10-10,68.5,1026.75,19.9,0.0
2262,10,2025-10-11,66.5,1028.35,20.05,0.0
2262,10,2025-10-12,80.5,1025.225,18.225,0.0
2262,10,2025-10-13,69.75,1021.475,19.4,0.0
2262,10,2025-10-14,73.25,1021.225,18.55,0.0
2262,10,2025-10-15,67.25,1021.1,18.925,0.0
2262,10,2025-10-16,59.5,1019.84999999999,18.2,0.0
2262,10,2025-10-17,55.75,1018.825,16.8,0.0
2262,10,2025-10-18,55.0,1021.925,16.725,0.0
2262,10,2025-10-19,59.25,1021.525,15.925,0.0
2262,10,2025-10-20,71.75,1012.675,16.5,0.0
2262,10,2025-10-21,94.25,1006.75,13.85,0.0
2262,10,2025-10-22,89.75,1006.975,14.625,0.0
2262,11,2025-10-10,59.25,1026.32499999999,21.275,0.0
2262,11,2025-10-11,63.5,1027.69999999999,21.15,0.0
2262,11,2025-10-12,73.5,1024.44999999999,19.675,0.0
2262,11,2025-10-13,63.25,1020.97499999999,20.475,0.0
2262,11,2025-10-14,64.5,1020.55,19.65,0.0
2262,11,2025-10-15,56.5,1020.65,20.3,0.0
2262,11,2025-10-16,55.0,1019.175,18.925,0.0
2262,11,2025-10-17,50.25,1018.22499999999,18.125,0.0
2262,11,2025-10-18,48.0,1021.5,18.175,0.0
2262,11,2025-10-19,59.5,1020.75,16.775,0.0
2262,11,2025-10-20,70.5,1011.95,16.975,0.0
2262,11,2025-10-21,92.5,1006.475,14.15,0.0
2262,11,2025-10-22,89.0,1006.65,15.2,0.0
2262,12,2025-10-10,55.5,1025.64999999999,22.25,0.0
2262,12,2025-10-11,58.75,1026.975,22.075,0.0
2262,12,2025-10-12,69.0,1023.72499999999,20.325,0.0
2262,12,2025-10-13,60.5,1020.425,21.075,0.0
2262,12,2025-10-14,56.5,1019.8,20.675,0.0
2262,12,2025-10-15,54.75,1019.975,20.725,0.0
2262,12,2025-10-16,51.75,1018.675,19.5,0.0
2262,12,2025-10-17,48.25,1017.69999999999,18.875,0.0
2262,12,2025-10-18,43.0,1020.825,19.025,0.0
2262,12,2025-10-19,56.0,1019.875,17.85,0.0
2262,12,2025-10-20,65.5,1011.3,17.625,0.0
2262,12,2025-10-21,89.25,1005.94999999999,14.6,0.0
2262,12,2025-10-22,87.25,1006.425,15.6,0.0
2262,13,2025-10-10,53.25,1025.15,22.7,0.0
2262,13,2025-10-11,55.0,1026.525,22.8,0.0
2262,13,2025-10-12,61.5,1023.19999999999,21.25,0.0
2262,13,2025-10-13,57.25,1020.175,21.475,0.0
2262,13,2025-10-14,55.0,1019.35,20.8,0.0
2262,13,2025-10-15,54.25,1019.6,20.625,0.0
2262,13,2025-10-16,50.5,1018.175,19.55,0.0
2262,13,2025-10-17,47.0,1017.325,19.175,0.0
2262,13,2025-10-18,39.5,1020.5,19.625,0.0
2262,13,2025-10-19,51.75,1019.09999999999,18.55,0.0
2262,13,2025-10-20,64.25,1010.875,17.6,0.0
2262,13,2025-10-21,88.25,1005.925,14.95,0.0
2262,13,2025-10-22,88.25,1006.34999999999,15.55,0.0
2262,14,2025-10-10,51.25,1024.925,23.125,0.0
2262,14,2025-10-11,54.0,1026.15,22.9,0.0
2262,14,2025-10-12,60.75,1022.72499999999,21.4,0.0
2262,14,2025-10-13,54.5,1019.775,21.55,0.0
2262,14,2025-10-14,55.75,1019.0,20.4,0.0
2262,14,2025-10-15,45.0,1019.525,20.8,0.0
2262,14,2025-10-16,49.0,1017.875,19.55,0.0
2262,14,2025-10-17,47.25,1017.05,19.175,0.0
2262,14,2025-10-18,39.0,1020.32499999999,19.7,0.0
2262,14,2025-10-19,50.75,1018.7,18.425,0.0
2262,14,2025-10-20,62.5,1010.6,17.55,0.0
2262,14,2025-10-21,88.5,1005.925,14.9,0.2
2262,14,2025-10-22,88.5,1006.4,15.55,0.0
2262,15,2025-10-10,51.5,1024.95,22.95,0.0
2262,15,2025-10-11,55.5,1025.875,22.425,0.0
2262,15,2025-10-12,60.0,1022.375,21.125,0.0
2262,15,2025-10-13,60.75,1019.625,20.6,0.0
2262,15,2025-10-14,55.75,1018.775,20.25,0.0
2262,15,2025-10-15,43.75,1019.55,19.775,0.0
2262,15,2025-10-16,54.75,1017.9,19.075,0.0
2262,15,2025-10-17,49.0,1017.0,18.6,0.0
2262,15,2025-10-18,41.0,1020.225,19.0,0.0
2262,15,2025-10-19,48.25,1018.3,18.225,0.0
2262,15,2025-10-20,75.0,1010.34999999999,15.95,0.2
2262,15,2025-10-21,89.75,1006.15,14.525,0.0
2262,15,2025-10-22,90.0,1006.55,15.375,0.0
2262,16,2025-10-10,58.25,1024.95,21.25,0.0
2262,16,2025-10-11,61.25,1025.8,20.925,0.0
2262,16,2025-10-12,65.25,1022.27499999999,19.875,0.0
2262,16,2025-10-13,65.75,1019.825,19.2,0.0
2262,16,2025-10-14,63.25,1018.7,18.55,0.0
2262,16,2025-10-15,56.25,1019.65,17.8,0.0
2262,16,2025-10-16,60.75,1018.05,17.4,0.0
2262,16,2025-10-17,51.5,1017.225,17.575,0.0
2262,16,2025-10-18,47.75,1020.4,16.65,0.0
2262,16,2025-10-19,56.5,1018.0,16.5,0.0
2262,16,2025-10-20,84.5,1010.27499999999,14.825,0.4
2262,16,2025-10-21,92.0,1006.22499999999,14.275,0.0
2262,16,2025-10-22,92.0,1006.82499999999,15.125,0.0
2262,17,2025-10-10,72.25,1025.175,17.9,0.0
2262,17,2025-10-11,70.0,1025.825,18.925,0.0
2262,17,2025-10-12,77.5,1022.25,16.875,0.0
2262,17,2025-10-13,72.75,1020.15,17.55,0.0
2262,17,2025-10-14,72.25,1019.025,16.7,0.0
2262,17,2025-10-15,69.25,1019.85,15.275,0.0
2262,17,2025-10-16,68.0,1018.425,15.375,0.0
2262,17,2025-10-17,61.25,1017.625,15.15,0.0
2262,17,2025-10-18,57.75,1021.02499999999,14.05,0.0
2262,17,2025-10-19,70.5,1018.45,14.525,0.0
2262,17,2025-10-20,84.75,1010.175,14.6,0.4
2262,17,2025-10-21,95.0,1006.55,13.6,0.0
2262,17,2025-10-22,95.25,1007.175,14.525,0.0
2262,18,2025-10-10,80.25,1025.475,16.075,0.0
2262,18,2025-10-11,78.25,1025.925,17.775,0.0
2262,18,2025-10-12,82.5,1022.275,15.65,0.0
2262,18,2025-10-13,80.0,1020.4,16.425,0.0
2262,18,2025-10-14,77.5,1019.19999999999,15.85,0.0
2262,18,2025-10-15,74.5,1020.125,14.05,0.0
2262,18,2025-10-16,74.75,1018.69999999999,13.275,0.0
2262,18,2025-10-17,65.25,1017.9,14.325,0.0
2262,18,2025-10-18,65.5,1021.575,12.525,0.0
2262,18,2025-10-19,76.75,1018.525,13.725,0.0
2262,18,2025-10-20,83.75,1009.8,14.65,0.0
2262,18,2025-10-21,96.0,1006.72499999999,13.275,0.0
2262,18,2025-10-22,96.0,1007.325,14.275,0.0
2262,19,2025-10-10,82.25,1025.875,15.625,0.0
2262,19,2025-10-11,83.75,1026.1,16.7,0.0
2262,19,2025-10-12,85.5,1022.15,15.275,0.0
2262,19,2025-10-13,85.75,1020.675,14.8,0.0
2262,19,2025-10-14,83.75,1019.45,14.3,0.0
2262,19,2025-10-15,80.25,1020.4,12.2,0.0
2262,19,2025-10-16,80.0,1018.925,12.1,0.0
2262,19,2025-10-17,67.5,1018.325,13.35,0.0
2262,19,2025-10-18,73.25,1022.125,10.725,0.0
2262,19,2025-10-19,79.75,1017.9,13.2,0.0
2262,19,2025-10-20,84.5,1009.6,14.7,0.0
2262,19,2025-10-21,95.5,1006.94999999999,13.275,0.0
2262,19,2025-10-22,96.0,1007.375,14.3,0.0
2262,20,2025-10-10,82.25,1026.025,15.6,0.0
2262,20,2025-10-11,89.25,1026.175,15.4,0.0
2262,20,2025-10-12,90.5,1022.15,14.2,0.0
2262,20,2025-10-13,91.25,1020.925,13.825,0.0
2262,20,2025-10-14,87.75,1019.7,13.475,0.0
2262,20,2025-10-15,84.25,1020.475,11.4,0.0
2262,20,2025-10-16,83.25,1019.125,11.225,0.0
2262,20,2025-10-17,73.75,1018.8,11.825,0.0
2262,20,2025-10-18,79.0,1022.425,9.65000000000002,0.0
2262,20,2025-10-19,84.0,1017.75,12.0,0.0
2262,20,2025-10-20,85.5,1009.375,14.675,0.0
2262,20,2025-10-21,96.0,1007.22499999999,13.375,0.0
2262,20,2025-10-22,96.5,1007.725,14.25,0.0
2262,21,2025-10-10,88.0,1026.125,14.0,0.0
2262,21,2025-10-11,94.5,1026.35,14.25,0.0
2262,21,2025-10-12,94.5,1021.9,13.275,0.0
2262,21,2025-10-13,94.75,1021.025,12.775,0.0
2262,21,2025-10-14,94.75,1019.975,12.1,0.0
2262,21,2025-10-15,87.75,1020.55,10.475,0.0
2262,21,2025-10-16,85.0,1019.2,9.77500000000002,0.0
2262,21,2025-10-17,75.0,1019.15,10.35,0.0
2262,21,2025-10-18,86.0,1022.525,8.37500000000001,0.0
2262,21,2025-10-19,89.5,1017.55,10.6,0.0
2262,21,2025-10-20,88.5,1008.975,14.3,0.0
2262,21,2025-10-21,96.0,1007.425,13.2,0.0
2262,21,2025-10-22,98.0,1007.72499999999,14.2,0.0
2262,22,2025-10-10,88.75,1026.35,13.175,0.0
2262,22,2025-10-11,96.75,1026.3,13.3,0.0
2262,22,2025-10-12,96.5,1021.59999999999,12.4,0.0
2262,22,2025-10-13,96.5,1020.84999999999,12.0,0.0
2262,22,2025-10-14,96.0,1019.9,11.325,0.0
2262,22,2025-10-15,87.75,1020.5,9.62500000000001,0.0
2262,22,2025-10-16,86.25,1019.22499999999,8.92500000000001,0.0
2262,22,2025-10-17,75.75,1019.45,9.67500000000002,0.0
2262,22,2025-10-18,92.75,1022.65,7.55000000000002,0.0
2262,22,2025-10-19,92.0,1017.0,9.225,0.0
2262,22,2025-10-20,91.75,1008.45,13.8,0.0
2262,22,2025-10-21,96.5,1007.375,12.875,0.0
2262,22,2025-10-22,98.0,1007.475,14.2,0.0
2262,23,2025-10-10,92.75,1026.7,12.2,0.0
2262,23,2025-10-11,98.0,1026.3,12.3,0.0
2262,23,2025-10-12,98.0,1021.45,11.85,0.0
2262,23,2025-10-13,97.25,1021.025,11.65,0.0
2262,23,2025-10-14,95.25,1020.07499999999,10.95,0.0
2262,23,2025-10-15,88.5,1020.45,8.725,0.0
2262,23,2025-10-16,90.0,1019.175,8.25000000000004,0.0
2262,23,2025-10-17,76.5,1019.74999999999,9.05000000000001,0.0
2262,23,2025-10-18,90.75,1022.675,6.90000000000003,0.0
2262,23,2025-10-19,91.5,1016.675,8.27500000000003,0.0
2262,23,2025-10-20,93.75,1007.8,13.8,0.0
2262,23,2025-10-21,98.0,1007.25,12.1,0.0
2262,23,2025-10-22,98.0,1007.15,14.175,0.0
2341,00,2025-10-11,99.0,,12.2166666666666,0.0
2341,00,2025-10-12,99.0,,13.1166666666666,0.0
2341,00,2025-10-13,99.0,,11.2166666666666,0.2
2341,00,2025-10-14,95.3333333333333,,11.3666666666666,0.0
2341,00,2025-10-15,99.0,,10.8666666666667,0.0
2341,00,2025-10-16,89.1666666666666,,11.15,0.0
2341,00,2025-10-17,77.8333333333333,,10.75,0.0
2341,00,2025-10-18,84.0,,10.0333333333333,0.0
2341,00,2025-10-19,91.3333333333333,,7.66666666666668,0.0
2341,00,2025-10-20,97.5,,10.6333333333333,0.0
2341,00,2025-10-21,99.0,,12.5166666666666,0.2
2341,00,2025-10-22,99.0,,12.0166666666666,0.0
2341,00,2025-10-23,99.0,,14.6666666666667,0.0
2341,01,2025-10-11,99.0,,12.1333333333333,0.0
2341,01,2025-10-12,99.0,,12.5666666666666,0.0
2341,01,2025-10-13,99.0,,11.7166666666666,0.0
2341,01,2025-10-14,93.6666666666666,,11.8166666666667,0.0
2341,01,2025-10-15,99.0,,10.5666666666667,0.0
2341,01,2025-10-16,87.5,,11.2666666666666,0.0
2341,01,2025-10-17,76.8333333333333,,10.4666666666666,0.0
2341,01,2025-10-18,85.0,,9.41666666666668,0.0
2341,01,2025-10-19,94.1666666666666,,6.40000000000001,0.0
2341,01,2025-10-20,95.6666666666666,,10.7,0.0
2341,01,2025-10-21,99.0,,12.4,1.4
2341,01,2025-10-22,99.0,,12.8666666666666,0.0
2341,02,2025-10-11,99.0,,13.15,0.0
2341,02,2025-10-12,99.0,,12.2,0.0
2341,02,2025-10-13,99.0,,11.4333333333333,0.0
2341,02,2025-10-14,96.5,,11.15,0.0
2341,02,2025-10-15,99.0,,9.9,0.0
2341,02,2025-10-16,86.3333333333333,,11.5,0.0
2341,02,2025-10-17,78.0,,10.05,0.0
2341,02,2025-10-18,81.0,,9.75000000000003,0.0
2341,02,2025-10-19,98.0,,6.30000000000003,0.0
2341,02,2025-10-20,92.5,,10.9,0.0
2341,02,2025-10-21,99.0,,12.35,1.4
2341,02,2025-10-22,99.0,,12.5666666666666,0.0
2341,03,2025-10-11,99.0,,13.05,0.0
2341,03,2025-10-12,99.0,,11.6666666666666,0.2
2341,03,2025-10-13,99.0,,11.55,0.0
2341,03,2025-10-14,98.8333333333333,,10.6833333333333,0.0
2341,03,2025-10-15,99.0,,10.3,0.2
2341,03,2025-10-16,85.5,,11.4333333333333,0.0
2341,03,2025-10-17,83.5,,9.10000000000002,0.0
2341,03,2025-10-18,79.8333333333333,,9.80000000000002,0.0
2341,03,2025-10-19,98.0,,6.1166666666667,0.0
2341,03,2025-10-20,90.6666666666666,,11.2,0.0
2341,03,2025-10-21,99.0,,12.3,1.79999999999999
2341,03,2025-10-22,99.0,,12.3833333333333,0.0
2341,04,2025-10-11,99.0,,12.75,0.2
2341,04,2025-10-12,99.0,,11.4166666666666,0.0
2341,04,2025-10-13,99.0,,12.0666666666666,0.0
2341,04,2025-10-14,98.1666666666666,,10.45,0.0
2341,04,2025-10-15,99.0,,10.7666666666666,0.0
2341,04,2025-10-16,84.5,,10.9833333333333,0.0
2341,04,2025-10-17,86.1666666666666,,8.48333333333335,0.0
2341,04,2025-10-18,80.3333333333333,,9.56666666666669,0.0
2341,04,2025-10-19,89.1666666666666,,8.08333333333335,0.0
2341,04,2025-10-20,88.6666666666666,,11.2833333333333,0.0
2341,04,2025-10-21,99.0,,12.4666666666666,0.2
2341,04,2025-10-22,99.0,,12.1333333333333,0.0
2341,05,2025-10-11,99.0,,11.7666666666666,0.0
2341,05,2025-10-12,99.0,,11.7833333333333,0.0
2341,05,2025-10-13,99.0,,13.1333333333333,0.0
2341,05,2025-10-14,98.1666666666666,,10.2,0.0
2341,05,2025-10-15,99.0,,11.05,0.0
2341,05,2025-10-16,84.1666666666666,,10.8166666666666,0.0
2341,05,2025-10-17,85.1666666666666,,8.40000000000001,0.0
2341,05,2025-10-18,81.1666666666666,,9.31666666666669,0.0
2341,05,2025-10-19,85.1666666666666,,8.16666666666668,0.0
2341,05,2025-10-20,88.1666666666666,,11.2666666666667,0.0
2341,05,2025-10-21,99.0,,12.6,1.2
2341,05,2025-10-22,99.0,,12.1333333333333,0.0
2341,06,2025-10-11,99.0,,13.1333333333333,0.0
2341,06,2025-10-12,99.0,,12.4166666666666,0.0
2341,06,2025-10-13,99.0,,13.9666666666666,0.0
2341,06,2025-10-14,89.8333333333333,,11.65,0.0
2341,06,2025-10-15,98.5,,11.4166666666666,0.0
2341,06,2025-10-16,79.0,,11.6833333333333,0.0
2341,06,2025-10-17,80.6666666666666,,9.60000000000003,0.0
2341,06,2025-10-18,78.6666666666666,,10.1666666666666,0.0
2341,06,2025-10-19,88.5,,7.98333333333335,0.0
2341,06,2025-10-20,86.8333333333333,,11.5333333333333,0.0
2341,06,2025-10-21,99.0,,12.75,1.0
2341,06,2025-10-22,99.0,,12.3666666666666,0.0
2341,07,2025-10-10,93.0,,15.0833333333333,0.0
2341,07,2025-10-11,99.0,,14.4,0.0
2341,07,2025-10-12,99.0,,13.55,0.0
2341,07,2025-10-13,99.0,,14.75,0.0
2341,07,2025-10-14,81.6666666666666,,14.3,0.0
2341,07,2025-10-15,89.5,,13.1333333333333,0.0
2341,07,2025-10-16,72.8333333333333,,13.8666666666666,0.0
2341,07,2025-10-17,69.6666666666666,,12.6833333333333,0.0
2341,07,2025-10-18,68.6666666666666,,12.9833333333333,0.0
2341,07,2025-10-19,80.0,,11.0333333333333,0.0
2341,07,2025-10-20,84.0,,11.9333333333333,0.0
2341,07,2025-10-21,99.0,,12.95,0.2
2341,07,2025-10-22,99.0,,12.7833333333333,0.0
2341,08,2025-10-10,79.8333333333333,,17.7,0.0
2341,08,2025-10-11,97.6666666666666,,16.0666666666666,0.0
2341,08,2025-10-12,99.0,,14.9666666666666,0.0
2341,08,2025-10-13,99.0,,15.65,0.0
2341,08,2025-10-14,70.5,,16.8666666666667,0.0
2341,08,2025-10-15,78.3333333333333,,15.4666666666666,0.0
2341,08,2025-10-16,67.5,,16.2666666666666,0.0
2341,08,2025-10-17,61.5,,15.2666666666667,0.0
2341,08,2025-10-18,59.8333333333333,,15.25,0.0
2341,08,2025-10-19,74.3333333333333,,13.5166666666667,0.0
2341,08,2025-10-20,82.3333333333333,,12.8833333333333,0.0
2341,08,2025-10-21,99.0,,13.0833333333333,1.79999999999999
2341,08,2025-10-22,99.0,,13.3333333333333,0.0
2341,09,2025-10-10,64.8333333333333,,19.6833333333333,0.0
2341,09,2025-10-11,86.6666666666666,,18.6166666666666,0.0
2341,09,2025-10-12,99.0,,16.8,0.0
2341,09,2025-10-13,91.1666666666666,,17.3333333333333,0.0
2341,09,2025-10-14,60.0,,18.6833333333333,0.0
2341,09,2025-10-15,69.6666666666666,,17.6,0.0
2341,09,2025-10-16,62.5,,18.0166666666666,0.0
2341,09,2025-10-17,58.0,,16.7166666666666,0.0
2341,09,2025-10-18,52.5,,16.5833333333333,0.0
2341,09,2025-10-19,68.8333333333333,,15.75,0.0
2341,09,2025-10-20,77.1666666666666,,14.5166666666666,0.0
2341,09,2025-10-21,99.0,,13.5833333333333,0.0
2341,09,2025-10-22,99.0,,13.8333333333333,0.0
2341,10,2025-10-10,62.8333333333333,,20.7833333333333,0.0
2341,10,2025-10-11,75.1666666666666,,20.45,0.0
2341,10,2025-10-12,93.5,,18.4,0.0
2341,10,2025-10-13,76.8333333333333,,19.3,0.0
2341,10,2025-10-14,49.8333333333333,,20.0333333333333,0.0
2341,10,2025-10-15,61.5,,19.3,0.0
2341,10,2025-10-16,57.3333333333333,,18.5666666666666,0.0
2341,10,2025-10-17,57.0,,17.7333333333333,0.0
2341,10,2025-10-18,49.0,,17.65,0.0
2341,10,2025-10-19,64.5,,16.5833333333333,0.0
2341,10,2025-10-20,74.0,,15.75,0.0
2341,10,2025-10-21,99.0,,13.8833333333333,0.6
2341,10,2025-10-22,99.0,,14.6333333333333,0.0
2341,11,2025-10-10,55.0,,21.65,0.0
2341,11,2025-10-11,64.3333333333333,,21.7666666666666,0.0
2341,11,2025-10-12,75.1666666666666,,20.5333333333333,0.0
2341,11,2025-10-13,69.6666666666666,,19.4833333333333,0.0
2341,11,2025-10-14,48.8333333333333,,20.3666666666666,0.0
2341,11,2025-10-15,53.0,,20.2166666666666,0.0
2341,11,2025-10-16,56.8333333333333,,18.5,0.0
2341,11,2025-10-17,55.6666666666666,,18.2833333333333,0.0
2341,11,2025-10-18,45.0,,18.7,0.0
2341,11,2025-10-19,62.0,,17.45,0.0
2341,11,2025-10-20,74.0,,16.1333333333333,0.0
2341,11,2025-10-21,99.0,,14.25,0.2
2341,11,2025-10-22,96.5,,15.3833333333333,0.0
2341,12,2025-10-10,53.6666666666666,,22.3166666666666,0.0
2341,12,2025-10-11,58.0,,22.7166666666666,0.0
2341,12,2025-10-12,66.0,,20.9166666666667,0.0
2341,12,2025-10-13,64.6666666666666,,20.1333333333333,0.0
2341,12,2025-10-14,48.1666666666666,,20.9,0.0
2341,12,2025-10-15,54.8333333333333,,20.2833333333333,0.0
2341,12,2025-10-16,53.1666666666666,,18.9333333333333,0.0
2341,12,2025-10-17,51.6666666666666,,18.6666666666666,0.0
2341,12,2025-10-18,37.3333333333333,,19.45,0.0
2341,12,2025-10-19,58.8333333333333,,18.1833333333333,0.0
2341,12,2025-10-20,72.6666666666666,,16.65,0.0
2341,12,2025-10-21,99.0,,14.75,0.0
2341,12,2025-10-22,91.6666666666666,,15.4333333333333,0.0
2341,13,2025-10-10,50.0,,23.0166666666666,0.0
2341,13,2025-10-11,55.8333333333333,,22.7833333333333,0.0
2341,13,2025-10-12,63.6666666666666,,20.9166666666666,0.0
2341,13,2025-10-13,64.3333333333333,,20.3833333333333,0.0
2341,13,2025-10-14,46.5,,20.8166666666666,0.0
2341,13,2025-10-15,49.8333333333333,,20.3666666666666,0.0
2341,13,2025-10-16,50.3333333333333,,19.4,0.0
2341,13,2025-10-17,49.1666666666666,,18.8166666666666,0.0
2341,13,2025-10-18,35.1666666666666,,19.4666666666666,0.0
2341,13,2025-10-19,54.5,,18.3333333333333,0.0
2341,13,2025-10-20,73.3333333333333,,16.2333333333333,0.0
2341,13,2025-10-21,99.0,,14.95,0.0
2341,13,2025-10-22,93.3333333333333,,15.4333333333333,0.0
2341,14,2025-10-10,51.6666666666666,,23.1166666666666,0.0
2341,14,2025-10-11,53.6666666666666,,23.0,0.0
2341,14,2025-10-12,62.5,,20.85,0.0
2341,14,2025-10-13,61.1666666666666,,20.7333333333333,0.0
2341,14,2025-10-14,48.0,,20.5166666666666,0.0
2341,14,2025-10-15,47.3333333333333,,19.75,0.0
2341,14,2025-10-16,50.8333333333333,,18.9166666666666,0.0
2341,14,2025-10-17,47.0,,18.7,0.0
2341,14,2025-10-18,34.8333333333333,,19.3833333333333,0.0
2341,14,2025-10-19,51.3333333333333,,18.25,0.0
2341,14,2025-10-20,77.0,,15.8833333333333,0.0
2341,14,2025-10-21,99.0,,15.0666666666666,0.0
2341,14,2025-10-22,94.5,,15.4833333333333,0.0
2341,15,2025-10-10,54.6666666666666,,22.6833333333333,0.0
2341,15,2025-10-11,56.6666666666666,,22.5833333333333,0.0
2341,15,2025-10-12,71.0,,19.6333333333333,0.0
2341,15,2025-10-13,62.6666666666666,,20.3166666666666,0.0
2341,15,2025-10-14,51.6666666666666,,19.95,0.0
2341,15,2025-10-15,50.5,,18.9166666666666,0.0
2341,15,2025-10-16,51.6666666666666,,18.0166666666666,0.0
2341,15,2025-10-17,47.6666666666666,,17.8,0.0
2341,15,2025-10-18,39.0,,18.5166666666666,0.0
2341,15,2025-10-19,63.3333333333333,,16.9666666666666,0.0
2341,15,2025-10-20,84.0,,15.0166666666666,0.2
2341,15,2025-10-21,99.0,,14.7666666666667,0.0
2341,15,2025-10-22,96.0,,15.4333333333333,0.0
2341,16,2025-10-10,66.3333333333333,,20.2666666666666,0.0
2341,16,2025-10-11,66.6666666666666,,20.6,0.0
2341,16,2025-10-12,78.8333333333333,,17.8666666666666,0.0
2341,16,2025-10-13,67.1666666666666,,18.2166666666666,0.0
2341,16,2025-10-14,61.8333333333333,,17.8166666666666,0.0
2341,16,2025-10-15,59.3333333333333,,16.7166666666666,0.0
2341,16,2025-10-16,58.3333333333333,,15.8166666666666,0.0
2341,16,2025-10-17,60.5,,15.4833333333333,0.0
2341,16,2025-10-18,50.0,,15.9666666666666,0.0
2341,16,2025-10-19,77.0,,15.0333333333333,0.0
2341,16,2025-10-20,91.3333333333333,,13.9833333333333,0.6
2341,16,2025-10-21,99.0,,14.55,0.0
2341,16,2025-10-22,99.0,,15.1166666666666,0.0
2341,17,2025-10-10,82.8333333333333,,16.8166666666667,0.0
2341,17,2025-10-11,82.3333333333333,,17.7333333333333,0.0
2341,17,2025-10-12,89.8333333333333,,15.5833333333333,0.0
2341,17,2025-10-13,82.3333333333333,,15.0166666666666,0.0
2341,17,2025-10-14,72.5,,15.6,0.0
2341,17,2025-10-15,73.5,,13.9833333333333,0.0
2341,17,2025-10-16,68.8333333333333,,13.7,0.0
2341,17,2025-10-17,76.6666666666666,,12.3833333333333,0.0
2341,17,2025-10-18,67.3333333333333,,12.4,0.0
2341,17,2025-10-19,85.0,,13.4666666666666,0.0
2341,17,2025-10-20,95.1666666666666,,13.55,0.2
2341,17,2025-10-21,99.0,,14.5,0.0
2341,17,2025-10-22,99.0,,14.8666666666666,0.0
2341,18,2025-10-10,91.3333333333333,,14.8833333333333,0.0
2341,18,2025-10-11,92.0,,15.8666666666666,0.0
2341,18,2025-10-12,96.6666666666666,,14.5833333333333,0.0
2341,18,2025-10-13,89.5,,13.3166666666666,0.0
2341,18,2025-10-14,81.0,,14.1166666666666,0.0
2341,18,2025-10-15,82.0,,12.7666666666666,0.0
2341,18,2025-10-16,78.0,,12.85,0.0
2341,18,2025-10-17,83.8333333333333,,11.35,0.0
2341,18,2025-10-18,83.1666666666666,,10.3333333333333,0.0
2341,18,2025-10-19,93.1666666666666,,11.6166666666666,0.0
2341,18,2025-10-20,98.5,,13.4333333333333,0.0
2341,18,2025-10-21,99.0,,14.4166666666666,0.0
2341,18,2025-10-22,99.0,,14.9666666666666,0.0
2341,19,2025-10-10,96.0,,13.9833333333333,0.0
2341,19,2025-10-11,97.3333333333333,,14.8666666666667,0.0
2341,19,2025-10-12,98.8333333333333,,14.0166666666666,0.0
2341,19,2025-10-13,94.8333333333333,,12.0166666666666,0.0
2341,19,2025-10-14,91.5,,12.4833333333333,0.0
2341,19,2025-10-15,89.8333333333333,,11.4833333333333,0.0
2341,19,2025-10-16,84.5,,11.5833333333333,0.0
2341,19,2025-10-17,86.8333333333333,,10.2666666666667,0.0
2341,19,2025-10-18,89.0,,9.30000000000003,0.0
2341,19,2025-10-19,94.5,,11.4833333333333,0.0
2341,19,2025-10-20,99.0,,13.4,0.0
2341,19,2025-10-21,99.0,,14.2666666666666,0.0
2341,19,2025-10-22,99.0,,15.0,0.0
2341,20,2025-10-10,99.0,,12.7833333333333,0.0
2341,20,2025-10-11,99.0,,14.0,0.0
2341,20,2025-10-12,99.0,,13.4166666666666,0.0
2341,20,2025-10-13,96.1666666666666,,12.0166666666666,0.0
2341,20,2025-10-14,94.8333333333333,,11.6833333333333,0.0
2341,20,2025-10-15,95.0,,10.4833333333333,0.0
2341,20,2025-10-16,89.8333333333333,,10.3833333333333,0.0
2341,20,2025-10-17,81.6666666666666,,11.2333333333333,0.0
2341,20,2025-10-18,90.8333333333333,,9.11666666666669,0.0
2341,20,2025-10-19,92.6666666666666,,11.9666666666666,0.0
2341,20,2025-10-20,99.0,,13.2333333333333,0.0
2341,20,2025-10-21,99.0,,13.65,0.0
2341,20,2025-10-22,99.0,,14.9666666666666,0.0
2341,21,2025-10-10,99.0,,12.3833333333333,0.0
2341,21,2025-10-11,99.0,,13.5333333333333,0.0
2341,21,2025-10-12,99.0,,12.8333333333333,0.0
2341,21,2025-10-13,97.8333333333333,,11.2333333333333,0.0
2341,21,2025-10-14,97.8333333333333,,11.3666666666666,0.0
2341,21,2025-10-15,91.3333333333333,,10.7,0.0
2341,21,2025-10-16,87.0,,11.2833333333333,0.0
2341,21,2025-10-17,84.6666666666666,,10.6,0.0
2341,21,2025-10-18,91.0,,8.48333333333335,0.0
2341,21,2025-10-19,93.6666666666666,,11.4666666666666,0.0
2341,21,2025-10-20,99.0,,13.0,0.0
2341,21,2025-10-21,99.0,,13.2166666666666,0.0
2341,21,2025-10-22,99.0,,14.9666666666666,0.0
2341,22,2025-10-10,99.0,,12.2,0.0
2341,22,2025-10-11,99.0,,13.1666666666666,0.0
2341,22,2025-10-12,99.0,,12.4333333333333,0.0
2341,22,2025-10-13,88.6666666666666,,12.3,0.0
2341,22,2025-10-14,99.0,,10.75,0.0
2341,22,2025-10-15,91.3333333333333,,10.6,0.0
2341,22,2025-10-16,82.0,,12.0166666666666,0.0
2341,22,2025-10-17,82.0,,10.8,0.0
2341,22,2025-10-18,85.8333333333333,,9.33333333333336,0.0
2341,22,2025-10-19,95.8333333333333,,10.9666666666666,0.0
2341,22,2025-10-20,99.0,,12.8,0.0
2341,22,2025-10-21,99.0,,12.5166666666666,0.0
2341,22,2025-10-22,99.0,,14.8833333333333,0.0
2341,23,2025-10-10,99.0,,11.7833333333333,0.0
2341,23,2025-10-11,99.0,,12.8833333333333,0.0
2341,23,2025-10-12,99.0,,12.2166666666666,0.0
2341,23,2025-10-13,92.0,,11.1,0.0
2341,23,2025-10-14,99.0,,10.9833333333333,0.0
2341,23,2025-10-15,87.1666666666666,,11.5,0.0
2341,23,2025-10-16,80.5,,11.4,0.0
2341,23,2025-10-17,80.8333333333333,,10.7333333333333,0.0
2341,23,2025-10-18,91.5,,8.45000000000001,0.0
2341,23,2025-10-19,95.6666666666666,,10.9333333333333,0.0
2341,23,2025-10-20,99.0,,12.6333333333333,0.0
2341,23,2025-10-21,99.0,,11.8666666666667,0.0
2341,23,2025-10-22,99.0,,14.7333333333333,0.0
2382,00,2025-10-11,74.5,,14.7175,0.0
2382,00,2025-10-12,76.0,,16.0025,0.0
2382,00,2025-10-13,82.5,,14.8625,0.0
2382,00,2025-10-14,80.0,,15.28,0.0
2382,00,2025-10-15,73.75,,15.0475,0.0
2382,00,2025-10-16,77.25,,11.8725,0.0
2382,00,2025-10-17,75.25,,11.6975,0.0
2382,00,2025-10-18,61.75,,12.065,0.0
2382,00,2025-10-19,65.25,,11.1925,0.0
2382,00,2025-10-20,70.0,,12.23,0.0
2382,00,2025-10-21,90.25,,12.06,1.0
2382,00,2025-10-22,91.75,,11.745,0.0
2382,00,2025-10-23,95.0,,12.3275,0.0
2382,01,2025-10-11,69.75,,15.9225,0.0
2382,01,2025-10-12,78.25,,15.3175,0.0
2382,01,2025-10-13,82.75,,14.765,0.0
2382,01,2025-10-14,77.75,,14.995,0.0
2382,01,2025-10-15,75.75,,14.2975,0.0
2382,01,2025-10-16,77.25,,12.06,0.0
2382,01,2025-10-17,78.25,,11.045,0.0
2382,01,2025-10-18,62.25,,11.8,0.0
2382,01,2025-10-19,65.75,,10.57,0.0
2382,01,2025-10-20,71.75,,11.83,0.0
2382,01,2025-10-21,92.0,,11.825,0.2
2382,01,2025-10-22,91.75,,11.525,0.0
2382,02,2025-10-11,73.25,,15.0175,0.0
2382,02,2025-10-12,78.5,,15.35,0.0
2382,02,2025-10-13,80.25,,14.83,0.0
2382,02,2025-10-14,76.25,,14.7725,0.0
2382,02,2025-10-15,81.25,,13.14,0.0
2382,02,2025-10-16,78.25,,12.0975,0.0
2382,02,2025-10-17,78.25,,10.9775,0.0
2382,02,2025-10-18,62.25,,11.5925,0.0
2382,02,2025-10-19,66.0,,10.71,0.0
2382,02,2025-10-20,74.25,,11.545,0.0
2382,02,2025-10-21,93.0,,11.7525,0.0
2382,02,2025-10-22,92.25,,11.3925,0.0
2382,03,2025-10-11,74.25,,14.8,0.0
2382,03,2025-10-12,81.25,,14.5275,0.0
2382,03,2025-10-13,85.75,,13.645,0.0
2382,03,2025-10-14,81.75,,13.4625,0.0
2382,03,2025-10-15,82.75,,12.8125,0.0
2382,03,2025-10-16,77.5,,11.765,0.0
2382,03,2025-10-17,80.75,,10.3025,0.0
2382,03,2025-10-18,62.75,,11.5325,0.0
2382,03,2025-10-19,70.0,,10.465,0.0
2382,03,2025-10-20,75.5,,11.315,0.0
2382,03,2025-10-21,93.5,,11.665,0.8
2382,03,2025-10-22,93.0,,11.4275,0.0
2382,04,2025-10-11,77.0,,14.3175,0.0
2382,04,2025-10-12,86.0,,13.4475,0.0
2382,04,2025-10-13,85.5,,13.615,0.0
2382,04,2025-10-14,83.0,,13.32,0.0
2382,04,2025-10-15,84.0,,12.7725,0.0
2382,04,2025-10-16,79.25,,11.2425,0.0
2382,04,2025-10-17,81.75,,9.88000000000002,0.0
2382,04,2025-10-18,63.25,,11.185,0.0
2382,04,2025-10-19,74.0,,10.17,0.0
2382,04,2025-10-20,74.75,,11.4625,0.0
2382,04,2025-10-21,94.0,,11.6225,2.6
2382,04,2025-10-22,94.0,,11.36,0.0
2382,05,2025-10-11,77.25,,14.22,0.0
2382,05,2025-10-12,87.25,,13.195,0.0
2382,05,2025-10-13,82.75,,14.275,0.0
2382,05,2025-10-14,85.0,,12.95,0.0
2382,05,2025-10-15,84.0,,12.7975,0.0
2382,05,2025-10-16,78.75,,11.505,0.0
2382,05,2025-10-17,81.75,,9.86250000000001,0.0
2382,05,2025-10-18,64.5,,10.96,0.0
2382,05,2025-10-19,75.75,,9.59000000000001,0.0
2382,05,2025-10-20,74.0,,11.5375,0.0
2382,05,2025-10-21,94.0,,11.6175,0.2
2382,05,2025-10-22,94.0,,11.3774999999999,0.0
2382,06,2025-10-11,76.5,,14.6275,0.0
2382,06,2025-10-12,87.0,,13.6066666666667,0.0
2382,06,2025-10-13,81.0,,14.76,0.0
2382,06,2025-10-14,86.6666666666666,,12.8966666666666,0.0
2382,06,2025-10-15,84.0,,13.32,0.0
2382,06,2025-10-16,79.0,,11.53,0.0
2382,06,2025-10-17,80.0,,10.2566666666666,0.0
2382,06,2025-10-19,75.25,,9.88500000000002,0.0
2382,06,2025-10-20,74.25,,11.515,0.0
2382,06,2025-10-21,94.0,,11.575,1.59999999999999
2382,06,2025-10-22,94.0,,11.6925,0.0
2382,07,2025-10-10,,,,0.0
2382,07,2025-10-11,75.0,,15.6266666666666,0.0
2382,07,2025-10-12,84.0,,14.455,0.0
2382,07,2025-10-13,,,,0.0
2382,07,2025-10-14,83.5,,14.585,0.0
2382,07,2025-10-15,80.5,,14.43,0.0
2382,07,2025-10-16,78.0,,12.335,0.0
2382,07,2025-10-17,78.0,,11.08,0.0
2382,07,2025-10-19,70.3333333333333,,11.7066666666666,0.0
2382,07,2025-10-20,76.75,,11.465,0.0
2382,07,2025-10-21,94.0,,11.24,0.8
2382,07,2025-10-22,94.0,,11.765,0.0
2382,08,2025-10-11,,,,0.0
2382,08,2025-10-12,,,,0.0
2382,08,2025-10-13,,,,0.0
2382,08,2025-10-14,79.5,,15.47,0.0
2382,08,2025-10-15,,,,0.0
2382,08,2025-10-16,,,,0.0
2382,08,2025-10-17,,,,0.0
2382,08,2025-10-19,69.0,,12.515,0.0
2382,08,2025-10-20,80.25,,12.425,0.0
2382,08,2025-10-21,94.0,,11.2975,0.0
2382,08,2025-10-22,94.5,,12.0675,0.0
2382,09,2025-10-11,,,,0.0
2382,09,2025-10-12,,,,0.0
2382,09,2025-10-13,,,,0.0
2382,09,2025-10-15,,,,0.0
2382,09,2025-10-16,,,,0.0
2382,09,2025-10-17,,,,0.0
2382,09,2025-10-19,65.0,,13.56,0.0
2382,09,2025-10-20,74.75,,13.8275,0.0
2382,09,2025-10-21,93.5,,11.595,0.2
2382,09,2025-10-22,94.0,,12.4625,0.0
2382,10,2025-10-11,,,,0.0
2382,10,2025-10-12,,,,0.0
2382,10,2025-10-13,,,,0.0
2382,10,2025-10-15,,,,0.0
2382,10,2025-10-16,,,,0.0
2382,10,2025-10-17,58.5,,14.825,0.0
2382,10,2025-10-19,50.5,,16.01,0.0
2382,10,2025-10-20,73.0,,14.31,0.0
2382,10,2025-10-21,92.5,,11.8225,0.0
2382,10,2025-10-22,94.0,,12.37,0.0
2382,11,2025-10-10,,,,0.0
2382,11,2025-10-12,,,,0.0
2382,11,2025-10-13,,,,0.0
2382,11,2025-10-14,,,,0.0
2382,11,2025-10-15,70.0,,16.7,0.0
2382,11,2025-10-16,64.0,,16.2,0.0
2382,11,2025-10-17,58.0,,14.9,0.0
2382,11,2025-10-18,,,,0.0
2382,11,2025-10-19,55.0,,15.8225,0.0
2382,11,2025-10-20,,,,0.0
2382,11,2025-10-21,91.5,,12.4925,0.0
2382,11,2025-10-22,93.0,,12.5225,0.0
2382,12,2025-10-11,,,,0.0
2382,12,2025-10-12,,,,0.0
2382,12,2025-10-14,,,,0.0
2382,12,2025-10-15,65.5,,17.525,0.0
2382,12,2025-10-16,62.0,,16.78,0.0
2382,12,2025-10-17,,,,0.0
2382,12,2025-10-18,,,,0.0
2382,12,2025-10-19,56.6666666666666,,15.7333333333333,0.0
2382,12,2025-10-20,66.0,,16.06,0.0
2382,12,2025-10-21,89.75,,12.92,0.0
2382,12,2025-10-22,92.5,,12.9225,0.0
2382,13,2025-10-10,,,,0.0
2382,13,2025-10-11,,,,0.0
2382,13,2025-10-12,,,,0.0
2382,13,2025-10-13,,,,0.0
2382,13,2025-10-14,,,,0.0
2382,13,2025-10-15,65.3333333333333,,17.41,0.0
2382,13,2025-10-16,,,,0.0
2382,13,2025-10-17,,,,0.0
2382,13,2025-10-18,,,,0.0
2382,13,2025-10-19,,,,0.0
2382,13,2025-10-20,69.0,,16.035,0.0
2382,13,2025-10-21,88.5,,13.1675,0.0
2382,13,2025-10-22,91.5,,13.035,0.0
2382,14,2025-10-11,,,,0.0
2382,14,2025-10-12,61.0,,20.07,0.0
2382,14,2025-10-13,,,,0.0
2382,14,2025-10-14,,,,0.0
2382,14,2025-10-15,60.0,,18.03,0.0
2382,14,2025-10-16,56.3333333333333,,17.7733333333333,0.0
2382,14,2025-10-17,51.0,,16.785,0.0
2382,14,2025-10-18,,,,0.0
2382,14,2025-10-19,59.0,,16.53,0.0
2382,14,2025-10-20,79.0,,14.615,1.2
2382,14,2025-10-21,89.0,,13.0025,0.0
2382,14,2025-10-22,91.5,,12.88,0.0
2382,15,2025-10-10,,,,0.0
2382,15,2025-10-11,60.0,,20.62,0.0
2382,15,2025-10-12,62.0,,19.45,0.0
2382,15,2025-10-13,,,,0.0
2382,15,2025-10-14,61.75,,18.0125,0.0
2382,15,2025-10-15,63.6666666666666,,17.22,0.0
2382,15,2025-10-16,58.25,,16.5175,0.0
2382,15,2025-10-18,,,,0.0
2382,15,2025-10-19,59.0,,16.08,0.0
2382,15,2025-10-20,87.25,,13.48,0.8
2382,15,2025-10-21,89.0,,12.85,0.0
2382,15,2025-10-22,92.0,,12.79,0.0
2382,16,2025-10-10,57.3333333333333,,19.54,0.0
2382,16,2025-10-11,60.75,,20.06,0.0
2382,16,2025-10-12,64.0,,18.7675,0.0
2382,16,2025-10-13,61.25,,18.6025,0.0
2382,16,2025-10-14,63.75,,17.5475,0.0
2382,16,2025-10-15,60.5,,16.355,0.0
2382,16,2025-10-16,59.75,,16.1925,0.0
2382,16,2025-10-17,53.3333333333333,,15.1333333333333,0.0
2382,16,2025-10-18,48.5,,16.1425,0.0
2382,16,2025-10-19,62.5,,15.14,0.0
2382,16,2025-10-20,86.25,,13.4025,0.2
2382,16,2025-10-21,89.25,,12.6525,0.0
2382,16,2025-10-22,92.0,,12.7,0.2
2382,17,2025-10-10,60.25,,18.745,0.0
2382,17,2025-10-11,64.0,,19.04,0.0
2382,17,2025-10-12,68.0,,17.9625,0.0
2382,17,2025-10-13,66.5,,17.525,0.0
2382,17,2025-10-14,68.3333333333333,,16.8166666666667,0.0
2382,17,2025-10-15,57.75,,15.3125,0.0
2382,17,2025-10-16,64.75,,14.915,0.0
2382,17,2025-10-17,55.0,,14.5225,0.0
2382,17,2025-10-18,50.25,,15.2975,0.0
2382,17,2025-10-19,69.0,,13.69,0.0
2382,17,2025-10-20,83.75,,13.505,0.2
2382,17,2025-10-21,89.5,,12.4325,0.0
2382,17,2025-10-22,92.75,,12.5325,0.0
2382,18,2025-10-10,60.25,,18.7175,0.0
2382,18,2025-10-11,66.75,,18.39,0.0
2382,18,2025-10-12,72.5,,17.1925,0.0
2382,18,2025-10-13,69.0,,17.0125,0.0
2382,18,2025-10-14,71.5,,16.1,0.0
2382,18,2025-10-15,64.75,,14.35,0.0
2382,18,2025-10-16,69.25,,14.015,0.0
2382,18,2025-10-17,57.25,,13.7275,0.0
2382,18,2025-10-18,52.25,,14.6525,0.0
2382,18,2025-10-19,71.25,,13.585,0.0
2382,18,2025-10-20,84.75,,13.245,0.2
2382,18,2025-10-21,89.5,,12.185,0.0
2382,18,2025-10-22,93.0,,12.36,0.0
2382,19,2025-10-10,62.25,,18.065,0.0
2382,19,2025-10-11,68.75,,17.615,0.0
2382,19,2025-10-12,76.25,,16.3725,0.0
2382,19,2025-10-13,71.75,,16.4925,0.0
2382,19,2025-10-14,74.75,,15.3225,0.0
2382,19,2025-10-15,70.0,,13.8925,0.0
2382,19,2025-10-16,71.0,,13.605,0.0
2382,19,2025-10-17,59.0,,13.225,0.0
2382,19,2025-10-18,59.25,,13.525,0.0
2382,19,2025-10-19,74.25,,12.835,0.0
2382,19,2025-10-20,85.25,,13.2225,0.0
2382,19,2025-10-21,90.0,,11.9775,0.0
2382,19,2025-10-22,93.0,,12.415,0.0
2382,20,2025-10-10,63.5,,17.7075,0.0
2382,20,2025-10-11,72.0,,16.855,0.0
2382,20,2025-10-12,78.75,,15.88,0.0
2382,20,2025-10-13,72.5,,16.3475,0.0
2382,20,2025-10-14,76.25,,14.975,0.0
2382,20,2025-10-15,71.5,,13.5975,0.0
2382,20,2025-10-16,71.0,,13.2675,0.0
2382,20,2025-10-17,59.25,,13.1,0.0
2382,20,2025-10-18,65.5,,12.9175,0.0
2382,20,2025-10-19,76.25,,12.5525,0.0
2382,20,2025-10-20,84.0,,13.025,0.0
2382,20,2025-10-21,90.75,,11.8325,0.0
2382,20,2025-10-22,93.5,,12.4825,0.0
2382,21,2025-10-10,65.25,,17.13,0.0
2382,21,2025-10-11,73.25,,16.57,0.0
2382,21,2025-10-12,79.75,,15.6625,0.0
2382,21,2025-10-13,75.5,,15.75,0.0
2382,21,2025-10-14,75.75,,14.995,0.0
2382,21,2025-10-15,73.25,,13.2825,0.0
2382,21,2025-10-16,73.0,,12.725,0.0
2382,21,2025-10-17,60.5,,12.855,0.0
2382,21,2025-10-18,69.25,,12.66,0.0
2382,21,2025-10-19,69.75,,12.675,0.0
2382,21,2025-10-20,84.0,,13.105,0.0
2382,21,2025-10-21,91.25,,11.8675,0.0
2382,21,2025-10-22,94.0,,12.505,0.0
2382,22,2025-10-10,68.0,,16.4525,0.0
2382,22,2025-10-11,75.5,,16.0675,0.0
2382,22,2025-10-12,78.5,,15.6525,0.0
2382,22,2025-10-13,76.25,,15.725,0.0
2382,22,2025-10-14,75.0,,15.0525,0.0
2382,22,2025-10-15,73.5,,13.0625,0.0
2382,22,2025-10-16,73.5,,12.3975,0.0
2382,22,2025-10-17,59.25,,13.115,0.0
2382,22,2025-10-18,68.5,,12.6,0.0
2382,22,2025-10-19,69.5,,12.1575,0.0
2382,22,2025-10-20,87.25,,12.675,0.0
2382,22,2025-10-21,91.5,,11.755,0.0
2382,22,2025-10-22,94.0,,12.4125,0.0
2382,23,2025-10-10,70.25,,15.7275,0.0
2382,23,2025-10-11,76.5,,15.7575,0.0
2382,23,2025-10-12,81.75,,14.8375,0.0
2382,23,2025-10-13,78.5,,15.62,0.0
2382,23,2025-10-14,74.5,,15.1125,0.0
2382,23,2025-10-15,73.25,,12.7675,0.0
2382,23,2025-10-16,72.25,,12.4925,0.0
2382,23,2025-10-17,60.5,,12.455,0.0
2382,23,2025-10-18,67.75,,12.4125,0.0
2382,23,2025-10-19,68.25,,12.43,0.0
2382,23,2025-10-20,87.0,,12.695,1.4
2382,23,2025-10-21,91.0,,11.9025,0.0
2382,23,2025-10-22,94.75,,12.4175,0.0
